{
  "val_out_vmac_loss": 0.14872692670822144,
  "val_out_theta_loss": 0.20597994810475242,
  "val_out_kl_loss": 0.8126073865678576,
  "out_B1_loss": 0.567493558883667,
  "out_theta_loss": 0.21379518054267507,
  "val_out_B1_acc": 0.7929,
  "val_out_B0_loss": 0.6177893444485134,
  "out_theta_acc": 0.9132543209876544,
  "out_vmac_loss": 0.15127426164150237,
  "out_doppler_loss": 0.7927786867283009,
  "out_BField_acc": 0.8351864197530864,
  "out_B1_acc": 0.7830271604938271,
  "val_out_a_loss": 0.6797469646030002,
  "val_out_BField_loss": 0.40515748438305327,
  "loss": 4.593998424765505,
  "out_chi_acc": 0.9024123456790123,
  "out_kl_acc": 0.6520148148148148,
  "out_doppler_acc": 0.6745543209876543,
  "out_a_loss": 0.7097964299201965,
  "val_out_chi_loss": 0.24353944784270393,
  "val_out_B0_acc": 0.7558111111111111,
  "out_B0_acc": 0.7501580246913581,
  "val_loss": 4.412711398824056,
  "val_out_B1_loss": 0.5389256661203172,
  "out_vmac_acc": 0.9373975308641975,
  "out_B0_loss": 0.6434555325461022,
  "val_out_kl_acc": 0.6596777777777778,
  "out_chi_loss": 0.2450585074742635,
  "val_out_chi_acc": 0.9014666666666666,
  "out_a_acc": 0.713241975308642,
  "out_BField_loss": 0.42726278893506087,
  "val_out_doppler_acc": 0.6805,
  "val_out_BField_acc": 0.8381666666666666,
  "val_out_doppler_loss": 0.7602382306204902,
  "val_out_vmac_acc": 0.9371222222222222,
  "val_out_theta_acc": 0.9149555555555555,
  "out_kl_loss": 0.843083479584588,
  "val_out_a_acc": 0.7231222222222222
}{
  "val_out_vmac_loss": 0.14271579523483913,
  "val_out_theta_loss": 0.19677438624302546,
  "val_out_kl_loss": 0.7815578261269464,
  "out_B1_loss": 0.5177784324316331,
  "out_theta_loss": 0.19149347259711336,
  "val_out_B1_acc": 0.7994666666666667,
  "val_out_B0_loss": 0.5914981665187412,
  "out_theta_acc": 0.9208308641975309,
  "out_vmac_loss": 0.1310138073714795,
  "out_doppler_loss": 0.7247466742338957,
  "out_BField_acc": 0.8495259259259259,
  "out_B1_acc": 0.7978259259259259,
  "val_out_a_loss": 0.6547371197488573,
  "val_out_BField_loss": 0.38273624679777357,
  "loss": 4.196154234012557,
  "out_chi_acc": 0.9113185185185185,
  "out_kl_acc": 0.6741123456790123,
  "out_doppler_acc": 0.698704938271605,
  "out_a_loss": 0.6550529609091488,
  "val_out_chi_loss": 0.2342464948018392,
  "val_out_B0_acc": 0.7626666666666667,
  "out_B0_acc": 0.7650617283950617,
  "val_loss": 4.224435400051541,
  "val_out_B1_loss": 0.5143120548248291,
  "out_vmac_acc": 0.9453802469135802,
  "out_B0_loss": 0.5939702569796715,
  "val_out_kl_acc": 0.6703666666666667,
  "out_chi_loss": 0.22171184549684878,
  "val_out_chi_acc": 0.9052444444444444,
  "out_a_acc": 0.7329456790123456,
  "out_BField_loss": 0.3800711482954614,
  "val_out_doppler_acc": 0.6930444444444445,
  "val_out_BField_acc": 0.8444666666666667,
  "val_out_doppler_loss": 0.7258573042551676,
  "val_out_vmac_acc": 0.9405,
  "val_out_theta_acc": 0.9185666666666666,
  "out_kl_loss": 0.7803156320713185,
  "val_out_a_acc": 0.7311555555555556
}{
  "val_out_vmac_loss": 0.13889300837516785,
  "val_out_theta_loss": 0.19054942636092503,
  "val_out_kl_loss": 0.7621099958737692,
  "out_B1_loss": 0.4971844174078953,
  "out_theta_loss": 0.18365402028060254,
  "val_out_B1_acc": 0.8041666666666667,
  "val_out_B0_loss": 0.5754756510390175,
  "out_theta_acc": 0.9234061728395062,
  "out_vmac_loss": 0.12518217966045125,
  "out_doppler_loss": 0.6970299506081475,
  "out_BField_acc": 0.8548753086419754,
  "out_B1_acc": 0.8034320987654321,
  "val_out_a_loss": 0.6384607258266873,
  "val_out_BField_loss": 0.3694270373980204,
  "loss": 4.039963115051647,
  "out_chi_acc": 0.9145814814814814,
  "out_kl_acc": 0.6824518518518519,
  "out_doppler_acc": 0.7076012345679012,
  "out_a_loss": 0.6339170515837492,
  "val_out_chi_loss": 0.23115320049921673,
  "val_out_B0_acc": 0.7682222222222223,
  "out_B0_acc": 0.7701037037037037,
  "val_loss": 4.112259411536323,
  "val_out_B1_loss": 0.49934970293574865,
  "out_vmac_acc": 0.9474456790123457,
  "out_B0_loss": 0.5735923025908294,
  "val_out_kl_acc": 0.6773111111111111,
  "out_chi_loss": 0.2139180752336243,
  "val_out_chi_acc": 0.9069666666666667,
  "out_a_acc": 0.7396617283950617,
  "out_BField_loss": 0.3612291252536538,
  "val_out_doppler_acc": 0.6984555555555556,
  "val_out_BField_acc": 0.8473888888888889,
  "val_out_doppler_loss": 0.7068406671524048,
  "val_out_vmac_acc": 0.9416222222222222,
  "val_out_theta_acc": 0.9209,
  "out_kl_loss": 0.7542559889546148,
  "val_out_a_acc": 0.7367444444444444
}{
  "val_out_vmac_loss": 0.13735435515907077,
  "val_out_theta_loss": 0.18686343259546492,
  "val_out_kl_loss": 0.7490693854226006,
  "out_B1_loss": 0.48374771995367827,
  "out_theta_loss": 0.17888055708235429,
  "val_out_B1_acc": 0.8065888888888889,
  "val_out_B0_loss": 0.5648757474713856,
  "out_theta_acc": 0.9253555555555556,
  "out_vmac_loss": 0.12170097003266399,
  "out_doppler_loss": 0.6790281799010288,
  "out_BField_acc": 0.8583271604938272,
  "out_B1_acc": 0.8072296296296296,
  "val_out_a_loss": 0.6303197780397203,
  "val_out_BField_loss": 0.35989135381910536,
  "loss": 3.9389597770219966,
  "out_chi_acc": 0.9168888888888889,
  "out_kl_acc": 0.6882333333333334,
  "out_doppler_acc": 0.7138283950617283,
  "out_a_loss": 0.6200753699620565,
  "val_out_chi_loss": 0.2245324101977878,
  "val_out_B0_acc": 0.7731555555555556,
  "out_B0_acc": 0.7742444444444444,
  "val_loss": 4.037999777899848,
  "val_out_B1_loss": 0.49013927008310954,
  "out_vmac_acc": 0.9489975308641976,
  "out_B0_loss": 0.560349745947049,
  "val_out_kl_acc": 0.6816111111111111,
  "out_chi_loss": 0.2086244854779891,
  "val_out_chi_acc": 0.9100555555555555,
  "out_a_acc": 0.7438703703703704,
  "out_BField_loss": 0.3492928931436421,
  "val_out_doppler_acc": 0.7020888888888889,
  "val_out_BField_acc": 0.8508888888888889,
  "val_out_doppler_loss": 0.6949540471288893,
  "val_out_vmac_acc": 0.9427888888888889,
  "val_out_theta_acc": 0.9218888888888889,
  "out_kl_loss": 0.7372598554634754,
  "val_out_a_acc": 0.7395444444444444
}{
  "val_out_vmac_loss": 0.13482876792881224,
  "val_out_theta_loss": 0.184188911971781,
  "val_out_kl_loss": 0.7377075623830159,
  "out_B1_loss": 0.4736412001480291,
  "out_theta_loss": 0.1753445111254483,
  "val_out_B1_acc": 0.8093,
  "val_out_B0_loss": 0.5563778582890828,
  "out_theta_acc": 0.9266802469135802,
  "out_vmac_loss": 0.11910831422095682,
  "out_doppler_loss": 0.6656179104381137,
  "out_BField_acc": 0.8609814814814815,
  "out_B1_acc": 0.810262962962963,
  "val_out_a_loss": 0.6232429407967461,
  "val_out_BField_loss": 0.3541530196931627,
  "loss": 3.8641236352991175,
  "out_chi_acc": 0.9185827160493827,
  "out_kl_acc": 0.6928135802469135,
  "out_doppler_acc": 0.7183901234567901,
  "out_a_loss": 0.6100071899755501,
  "val_out_chi_loss": 0.22190825345251294,
  "val_out_B0_acc": 0.7753666666666666,
  "out_B0_acc": 0.7771851851851852,
  "val_loss": 3.9766521822187637,
  "val_out_B1_loss": 0.4819747329817878,
  "out_vmac_acc": 0.9500827160493828,
  "out_B0_loss": 0.5505516999280011,
  "val_out_kl_acc": 0.6860666666666667,
  "out_chi_loss": 0.2047159516505253,
  "val_out_chi_acc": 0.9118333333333334,
  "out_a_acc": 0.7472481481481481,
  "out_BField_loss": 0.3406826739228802,
  "val_out_doppler_acc": 0.7075888888888889,
  "val_out_BField_acc": 0.8529,
  "val_out_doppler_loss": 0.6822701362821791,
  "val_out_vmac_acc": 0.9439111111111111,
  "val_out_theta_acc": 0.9229222222222222,
  "out_kl_loss": 0.7244541849195222,
  "val_out_a_acc": 0.7417666666666667
}{
  "val_out_vmac_loss": 0.13421963099936643,
  "val_out_theta_loss": 0.1820994684682952,
  "val_out_kl_loss": 0.7290864189889696,
  "out_B1_loss": 0.46543939124507666,
  "out_theta_loss": 0.1725507028427021,
  "val_out_B1_acc": 0.8117333333333333,
  "val_out_B0_loss": 0.5495437008751763,
  "out_theta_acc": 0.9278024691358024,
  "out_vmac_loss": 0.11712745802207493,
  "out_doppler_loss": 0.6548294566107385,
  "out_BField_acc": 0.8631308641975308,
  "out_B1_acc": 0.8128962962962963,