{
  "out_thB_loss": 0.7877148685843857,
  "out_thB_acc": 0.6917629629629629,
  "val_out_B_loss": 0.8913565773752,
  "val_out_vth_loss": 0.29363600147565205,
  "out_v_loss": 0.26781321074844877,
  "val_out_v_acc": 0.9169333333333334,
  "val_out_tau_acc": 0.8787333333333334,
  "out_PhiB_loss": 0.5522473160979189,
  "val_out_a_acc": 0.7554222222222222,
  "val_out_PhiB_loss": 0.4808391818642616,
  "val_out_phiB_loss": 1.091143720648024,
  "out_v_acc": 0.9181086419753086,
  "out_vth_acc": 0.8801876543209877,
  "out_a_loss": 0.6479881773206922,
  "val_out_ThB_loss": 0.5639253349198236,
  "out_ThB_acc": 0.7384506172839507,
  "out_tau_acc": 0.8678765432098765,
  "out_tau_loss": 0.3412577366852466,
  "out_phiB_acc": 0.5761925925925926,
  "out_B_acc": 0.5835604938271605,
  "val_out_PhiB_acc": 0.8122444444444444,
  "val_out_ThB_acc": 0.7815333333333333,
  "out_ThB_loss": 0.6617332654105292,
  "out_B_loss": 1.0396284382902545,
  "out_vth_loss": 0.3139925089006071,
  "val_out_thB_loss": 0.7100777325895098,
  "out_a_acc": 0.7452481481481481,
  "val_out_tau_loss": 0.31435539689593844,
  "out_phiB_loss": 1.1724721498041977,
  "loss": 5.78484766790131,
  "val_out_a_loss": 0.6119701786147224,
  "val_out_thB_acc": 0.7207,
  "out_PhiB_acc": 0.7854407407407408,
  "val_out_phiB_acc": 0.6052555555555555,
  "val_out_v_loss": 0.24778678950998517,
  "val_loss": 5.205090928946601,
  "val_out_vth_acc": 0.8839888888888889,
  "val_out_B_acc": 0.6678444444444445
}{
  "out_thB_loss": 0.7756927529064226,
  "out_thB_acc": 0.6966283950617284,
  "val_out_B_loss": 0.8804062629063925,
  "val_out_vth_loss": 0.28090691764884523,
  "out_v_loss": 0.23314604709295578,
  "val_out_v_acc": 0.9238777777777778,
  "val_out_tau_acc": 0.8720444444444444,
  "out_PhiB_loss": 0.5454886606987612,
  "val_out_a_acc": 0.7572222222222222,
  "val_out_PhiB_loss": 0.4809094697607888,
  "val_out_phiB_loss": 1.0903919521755643,
  "out_v_acc": 0.9229135802469136,
  "out_vth_acc": 0.8844296296296297,
  "out_a_loss": 0.60418472491959,
  "val_out_ThB_loss": 0.5652902560922834,
  "out_ThB_acc": 0.7417012345679013,
  "out_tau_acc": 0.8700604938271604,
  "out_tau_loss": 0.3212994075722165,
  "out_phiB_acc": 0.5808333333333333,
  "out_B_acc": 0.5897938271604938,
  "val_out_PhiB_acc": 0.8125333333333333,
  "val_out_ThB_acc": 0.7794,
  "out_ThB_loss": 0.6512598566761724,
  "out_B_loss": 1.017137588241954,
  "out_vth_loss": 0.2907091108004252,
  "val_out_thB_loss": 0.7137204345226288,
  "out_a_acc": 0.7535666666666667,
  "val_out_tau_loss": 0.3104837104214562,
  "out_phiB_loss": 1.1588738924238418,
  "loss": 5.597792039103567,
  "val_out_a_loss": 0.592831858502494,
  "val_out_thB_acc": 0.7169666666666666,
  "out_PhiB_acc": 0.7887888888888889,
  "val_out_phiB_acc": 0.6037777777777777,
  "val_out_v_loss": 0.2273429510222541,
  "val_loss": 5.142283816867405,
  "val_out_vth_acc": 0.8854555555555556,
  "val_out_B_acc": 0.6680555555555555
}{
  "out_thB_loss": 0.7701582550637516,
  "out_thB_acc": 0.6983481481481482,
  "val_out_B_loss": 0.8679124278068543,
  "val_out_vth_loss": 0.26891413119898905,
  "out_v_loss": 0.21900020496698072,
  "val_out_v_acc": 0.9157777777777778,
  "val_out_tau_acc": 0.8652666666666666,
  "out_PhiB_loss": 0.5427729361651856,
  "val_out_a_acc": 0.7555333333333333,
  "val_out_PhiB_loss": 0.4782343038393391,
  "val_out_phiB_loss": 1.0790237905714246,
  "out_v_acc": 0.9246777777777778,
  "out_vth_acc": 0.8864481481481481,
  "out_a_loss": 0.5853989233605655,
  "val_out_ThB_loss": 0.5607653442541758,
  "out_ThB_acc": 0.7426506172839507,
  "out_tau_acc": 0.8703987654320988,
  "out_tau_loss": 0.31508239788214365,
  "out_phiB_acc": 0.5827407407407408,
  "out_B_acc": 0.5927172839506173,
  "val_out_PhiB_acc": 0.8136777777777778,
  "val_out_ThB_acc": 0.7806777777777778,
  "out_ThB_loss": 0.6483498942987419,
  "out_B_loss": 1.0072998369570132,
  "out_vth_loss": 0.28173215528064305,
  "val_out_thB_loss": 0.7014370515611437,
  "out_a_acc": 0.7580271604938271,
  "val_out_tau_loss": 0.3186771500693427,
  "out_phiB_loss": 1.1533154215730266,
  "loss": 5.523110022292903,
  "val_out_a_loss": 0.5796967735396491,
  "val_out_thB_acc": 0.7231666666666666,
  "out_PhiB_acc": 0.7901,
  "val_out_phiB_acc": 0.6081333333333333,
  "val_out_v_loss": 0.23324545351664225,
  "val_loss": 5.087906403605143,
  "val_out_vth_acc": 0.8937111111111111,
  "val_out_B_acc": 0.6726
}{
  "out_thB_loss": 0.7665181649113879,
  "out_thB_acc": 0.6988148148148148,
  "val_out_B_loss": 0.8614885732650757,
  "val_out_vth_loss": 0.2650550831708643,
  "out_v_loss": 0.20988469921159156,
  "val_out_v_acc": 0.9284444444444444,
  "val_out_tau_acc": 0.88,
  "out_PhiB_loss": 0.5411111292827276,
  "val_out_a_acc": 0.7733555555555556,
  "val_out_PhiB_loss": 0.479472949968444,
  "val_out_phiB_loss": 1.0785116923438178,
  "out_v_acc": 0.9267518518518518,
  "out_vth_acc": 0.8874543209876543,
  "out_a_loss": 0.5747887371286934,
  "val_out_ThB_loss": 0.5522674377759298,
  "out_ThB_acc": 0.7442049382716049,
  "out_tau_acc": 0.8717049382716049,
  "out_tau_loss": 0.3108517482722247,
  "out_phiB_acc": 0.5836975308641975,
  "out_B_acc": 0.594937037037037,
  "val_out_PhiB_acc": 0.8123666666666667,
  "val_out_ThB_acc": 0.7859333333333334,
  "out_ThB_loss": 0.644939722138864,
  "out_B_loss": 1.0023388863175005,
  "out_vth_loss": 0.2761715494297169,
  "val_out_thB_loss": 0.6949001900990804,
  "out_a_acc": 0.7600740740740741,
  "val_out_tau_loss": 0.29354704372617935,
  "out_phiB_loss": 1.1502219541620324,
  "loss": 5.476826589231138,
  "val_out_a_loss": 0.5487453480508593,
  "val_out_thB_acc": 0.7278555555555556,
  "out_PhiB_acc": 0.7898518518518518,
  "val_out_phiB_acc": 0.6084555555555555,
  "val_out_v_loss": 0.20537985249890223,
  "val_loss": 4.979368162918091,
  "val_out_vth_acc": 0.8933666666666666,
  "val_out_B_acc": 0.6762111111111111
}{
  "out_thB_loss": 0.7636604315463408,
  "out_thB_acc": 0.7009283950617284,
  "val_out_B_loss": 0.8664199365615844,
  "val_out_vth_loss": 0.26379135226276185,
  "out_v_loss": 0.20374059416982862,
  "val_out_v_acc": 0.9264222222222223,
  "val_out_tau_acc": 0.8759333333333333,
  "out_PhiB_loss": 0.5400899389137457,
  "val_out_a_acc": 0.7718222222222222,
  "val_out_PhiB_loss": 0.4805327335218588,
  "val_out_phiB_loss": 1.0864076577928332,
  "out_v_acc": 0.9278703703703703,
  "out_vth_acc": 0.8890925925925925,
  "out_a_loss": 0.5661865631598013,
  "val_out_ThB_loss": 0.5574954665501912,
  "out_ThB_acc": 0.7451395061728395,
  "out_tau_acc": 0.8721913580246914,
  "out_tau_loss": 0.30834377079657566,
  "out_phiB_acc": 0.5849111111111112,
  "out_B_acc": 0.5949888888888889,
  "val_out_PhiB_acc": 0.8119555555555555,
  "val_out_ThB_acc": 0.7820555555555555,
  "out_ThB_loss": 0.6430155652717308,
  "out_B_loss": 0.9980459419509511,
  "out_vth_loss": 0.27171784997155635,
  "val_out_thB_loss": 0.6982084502644009,
  "out_a_acc": 0.7620703703703704,
  "val_out_tau_loss": 0.3003228536446889,
  "out_phiB_loss": 1.1474548692373583,
  "loss": 5.442255526771074,
  "val_out_a_loss": 0.5531318203555213,
  "val_out_thB_acc": 0.7250111111111112,
  "out_PhiB_acc": 0.7908012345679012,
  "val_out_phiB_acc": 0.6031555555555556,
  "val_out_v_loss": 0.2035905682351854,
  "val_loss": 5.009900839911567,
  "val_out_vth_acc": 0.8924333333333333,
  "val_out_B_acc": 0.6689666666666667
}{
  "out_thB_loss": 0.7604737813455087,
  "out_thB_acc": 0.7016740740740741,
  "val_out_B_loss": 0.8588867207209269,
  "val_out_vth_loss": 0.2571462734672758,
  "out_v_loss": 0.19880118537420108,
  "val_out_v_acc": 0.9294222222222223,
  "val_out_tau_acc": 0.8705111111111111,
  "out_PhiB_loss": 0.5385999537526825,
  "val_out_a_acc": 0.7726,
  "val_out_PhiB_loss": 0.4797995619601674,
  "val_out_phiB_loss": 1.0778839885234832,
  "out_v_acc": 0.9289382716049382,
  "out_vth_acc": 0.8902234567901235,
  "out_a_loss": 0.5590514210848161,
  "val_out_ThB_loss": 0.55674114273919,
  "out_ThB_acc": 0.7451246913580247,
  "out_tau_acc": 0.8727345679012346,
  "out_tau_loss": 0.306023163743078,