{
  "out_a_loss": 0.5785870180636277,
  "val_out_vth_acc": 0.8985111111111111,
  "val_out_a_acc": 0.7846555555555556,
  "val_out_B_loss": 0.5774025961028205,
  "val_out_a_loss": 0.5594212382740444,
  "out_a_acc": 0.787632098765432,
  "val_out_v_loss": 0.1458841694831848,
  "out_B_loss": 0.584413571846338,
  "out_B_acc": 0.7724469135802469,
  "out_vth_acc": 0.9012111111111111,
  "val_loss": 3.146033853085836,
  "out_phiB_acc": 0.6980901234567901,
  "out_tau_loss": 0.27364361178227414,
  "val_out_B_acc": 0.7692,
  "out_vth_loss": 0.24553550917425274,
  "val_out_phiB_acc": 0.6916111111111111,
  "val_out_vth_loss": 0.24642608268592092,
  "val_out_v_acc": 0.9469888888888889,
  "val_out_tau_acc": 0.8888777777777778,
  "out_v_acc": 0.9463506172839506,
  "out_tau_acc": 0.8926716049382716,
  "out_thB_acc": 0.7930506172839507,
  "val_out_phiB_loss": 0.8228234282784992,
  "val_out_thB_loss": 0.5222301605277592,
  "out_v_loss": 0.15126568784919786,
  "out_thB_loss": 0.5066282772635237,
  "loss": 3.1417828603485485,
  "out_phiB_loss": 0.8017091824460912,
  "val_out_tau_loss": 0.2718461730056339,
  "val_out_thB_acc": 0.7864666666666666
}{
  "out_a_loss": 0.5296693683512417,
  "val_out_vth_acc": 0.9000777777777778,
  "val_out_a_acc": 0.7849444444444444,
  "val_out_B_loss": 0.5591189112186432,
  "val_out_a_loss": 0.5389707498762343,
  "out_a_acc": 0.7994358024691358,
  "val_out_v_loss": 0.13604442384110557,
  "out_B_loss": 0.545580635864352,
  "out_B_acc": 0.7853246913580247,
  "out_vth_acc": 0.9077246913580247,
  "val_loss": 3.065737689696418,
  "out_phiB_acc": 0.7077197530864198,
  "out_tau_loss": 0.25393996910754546,
  "val_out_B_acc": 0.7749777777777778,
  "out_vth_loss": 0.22509069482853383,
  "val_out_phiB_acc": 0.6944555555555556,
  "val_out_vth_loss": 0.23811091594364908,
  "val_out_v_acc": 0.9493444444444444,
  "val_out_tau_acc": 0.8922777777777777,
  "out_v_acc": 0.950704938271605,
  "out_tau_acc": 0.8979074074074074,
  "out_thB_acc": 0.8013283950617284,
  "val_out_phiB_loss": 0.8155310663700104,
  "val_out_thB_loss": 0.5161888791879018,
  "out_v_loss": 0.13541118167388586,
  "out_thB_loss": 0.48543398974559926,
  "loss": 2.9507262787147805,
  "out_phiB_loss": 0.7756004395614435,
  "val_out_tau_loss": 0.26177274390856425,
  "val_out_thB_acc": 0.7887222222222222
}{
  "out_a_loss": 0.5067452124795796,
  "val_out_vth_acc": 0.9015,
  "val_out_a_acc": 0.7883444444444444,
  "val_out_B_loss": 0.5476436783684625,
  "val_out_a_loss": 0.521842697456148,
  "out_a_acc": 0.803879012345679,
  "val_out_v_loss": 0.13103795504834917,
  "out_B_loss": 0.5292378331184387,
  "out_B_acc": 0.7898827160493828,
  "out_vth_acc": 0.9099876543209876,
  "val_loss": 3.0129280487272476,
  "out_phiB_acc": 0.7112506172839507,
  "out_tau_loss": 0.24601356771139452,
  "val_out_B_acc": 0.7784777777777778,
  "out_vth_loss": 0.21754985372858282,
  "val_out_phiB_acc": 0.6960777777777778,
  "val_out_vth_loss": 0.2334762520763609,
  "val_out_v_acc": 0.9504,
  "val_out_tau_acc": 0.8937888888888889,
  "out_v_acc": 0.9519827160493827,
  "out_tau_acc": 0.8997037037037037,
  "out_thB_acc": 0.8042037037037038,
  "val_out_phiB_loss": 0.81122925163375,
  "val_out_thB_loss": 0.5119433598889245,
  "out_v_loss": 0.1288648554454615,
  "out_thB_loss": 0.47779083215307305,
  "loss": 2.872162002634119,
  "out_phiB_loss": 0.7659598481496175,
  "val_out_tau_loss": 0.25575485399034287,
  "val_out_thB_acc": 0.7908222222222222
}{
  "out_a_loss": 0.49091862617716375,
  "val_out_vth_acc": 0.9034,
  "val_out_a_acc": 0.7935111111111111,
  "val_out_B_loss": 0.5401527079158359,
  "val_out_a_loss": 0.5082015882809957,
  "out_a_acc": 0.8072888888888888,
  "val_out_v_loss": 0.12722683786286249,
  "out_B_loss": 0.5183025219581745,
  "out_B_acc": 0.7930086419753086,
  "out_vth_acc": 0.9117037037037037,
  "val_loss": 2.976522288386027,
  "out_phiB_acc": 0.713695061728395,
  "out_tau_loss": 0.24075561750582708,
  "val_out_B_acc": 0.7807222222222222,
  "out_vth_loss": 0.21269782022605707,
  "val_out_phiB_acc": 0.6964777777777778,
  "val_out_vth_loss": 0.22923122555414835,
  "val_out_v_acc": 0.9513444444444444,
  "val_out_tau_acc": 0.895,
  "out_v_acc": 0.9528777777777778,
  "out_tau_acc": 0.9011888888888889,
  "out_thB_acc": 0.8062901234567901,
  "val_out_phiB_loss": 0.809900378537178,
  "val_out_thB_loss": 0.5104463228119744,
  "out_v_loss": 0.12466100365938963,
  "out_thB_loss": 0.4726514777071682,
  "loss": 2.8193457679630796,
  "out_phiB_loss": 0.7593587018778295,
  "val_out_tau_loss": 0.2513632301568985,
  "val_out_thB_acc": 0.7920444444444444
}{
  "out_a_loss": 0.4790622758841809,
  "val_out_vth_acc": 0.9039,
  "val_out_a_acc": 0.7952222222222223,
  "val_out_B_loss": 0.532933529832628,
  "val_out_a_loss": 0.4982552509360843,
  "out_a_acc": 0.8102222222222222,
  "val_out_v_loss": 0.12433328384028541,
  "out_B_loss": 0.5101158450044232,
  "out_B_acc": 0.7954629629629629,
  "out_vth_acc": 0.9131925925925926,
  "val_loss": 2.9455005014631483,
  "out_phiB_acc": 0.7156395061728396,
  "out_tau_loss": 0.23679682346626565,
  "val_out_B_acc": 0.7831,
  "out_vth_loss": 0.20905998555701455,
  "val_out_phiB_acc": 0.6976555555555556,
  "val_out_vth_loss": 0.2274963461889161,
  "val_out_v_acc": 0.9523111111111111,
  "val_out_tau_acc": 0.8959888888888888,
  "out_v_acc": 0.9535518518518519,
  "out_tau_acc": 0.9022222222222223,
  "out_thB_acc": 0.8077617283950618,
  "val_out_phiB_loss": 0.8069611688507928,
  "val_out_thB_loss": 0.5070613452487521,
  "out_v_loss": 0.12151197729022414,
  "out_thB_loss": 0.46875085349318424,
  "loss": 2.7794411164695836,
  "out_phiB_loss": 0.7541433572616106,
  "val_out_tau_loss": 0.2484595797644721,
  "val_out_thB_acc": 0.7937111111111111
}{
  "out_a_loss": 0.46938290618378437,
  "val_out_vth_acc": 0.9053111111111111,
  "val_out_a_acc": 0.7984555555555556,
  "val_out_B_loss": 0.5274931182967292,
  "val_out_a_loss": 0.4887577290323046,
  "out_a_acc": 0.8126098765432099,
  "val_out_v_loss": 0.12171741894218657,
  "out_B_loss": 0.5032841110853501,
  "out_B_acc": 0.7973938271604938,
  "out_vth_acc": 0.9140358024691358,
  "val_loss": 2.9185793037838406,
  "out_phiB_acc": 0.7169296296296296,
  "out_tau_loss": 0.2336661861402017,
  "val_out_B_acc": 0.7849666666666667,
  "out_vth_loss": 0.20619566899920688,
  "val_out_phiB_acc": 0.6987888888888889,
  "val_out_vth_loss": 0.2245148241529862,
  "val_out_v_acc": 0.9530111111111111,
  "val_out_tau_acc": 0.8963555555555556,
  "out_v_acc": 0.9541814814814815,
  "out_tau_acc": 0.9031444444444444,
  "out_thB_acc": 0.8089074074074074,
  "val_out_phiB_loss": 0.8047302769237095,
  "val_out_thB_loss": 0.5053639162487454,
  "out_v_loss": 0.11903201185479577,
  "out_thB_loss": 0.4655148329072528,
  "loss": 2.7469695332444743,
  "out_phiB_loss": 0.7498938168843587,
  "val_out_tau_loss": 0.24600200949774848,
  "val_out_thB_acc": 0.7944222222222223
}{
  "out_a_loss": 0.4612629464326081,
  "val_out_vth_acc": 0.9056,
  "val_out_a_acc": 0.7971555555555555,
  "val_out_B_loss": 0.522706308862898,
  "val_out_a_loss": 0.48580327898131476,
  "out_a_acc": 0.814541975308642,
  "val_out_v_loss": 0.11977968515025245,
  "out_B_loss": 0.4976155820481571,
  "out_B_acc": 0.799,
  "out_vth_acc": 0.9149753086419753,
  "val_loss": 2.902712221039666,
  "out_phiB_acc": 0.7185,
  "out_tau_loss": 0.23104981476289255,
  "val_out_B_acc": 0.7868666666666667,
  "out_vth_loss": 0.20385844389067756,
  "val_out_phiB_acc": 0.6996,
  "val_out_vth_loss": 0.22370393684241507,
  "val_out_v_acc": 0.9535888888888889,
  "val_out_tau_acc": 0.8972111111111111,
  "out_v_acc": 0.9547777777777777,
  "out_tau_acc": 0.9040308641975309,
  "out_thB_acc": 0.8102333333333334,
  "val_out_phiB_loss": 0.8031906249364217,
  "val_out_thB_loss": 0.5038716527197096,
  "out_v_loss": 0.11695080102711548,
  "out_thB_loss": 0.46264626715565904,
  "loss": 2.7195459315029193,
  "out_phiB_loss": 0.7461620764744135,
  "val_out_tau_loss": 0.24365673236582014,
  "val_out_thB_acc": 0.7949666666666667
}{
  "out_a_loss": 0.4545184641378897,